Year	Week		Rate	Points
1972	01/07		7.46	1.0
	01/14		7.46	0.9
	01/21		7.43	1.0
	01/28		7.40	0.9
	02/04		7.35	0.9
	02/11		7.33	0.9
	02/18		7.31	0.9
	02/25		7.31	0.9
	03/03		7.32	0.9
	03/10		7.32	1.0
	03/17		7.31	0.9
	03/24		7.31	0.9
	03/31		7.23	0.9
	04/07		7.25	0.9
	04/14		7.29	0.9
	04/21		7.29	0.9
	04/28		7.33	1.0
	05/05		7.33	0.8
	05/12		7.38	0.9
	05/19		7.38	0.9
	05/26		7.40	0.9
	06/02		7.36	1.0
	06/09		7.38	1.0
	06/16		7.38	0.9
	06/23		7.36	0.9
	06/30		7.38	0.8
	07/07		7.38	0.9
	07/14		7.40	0.9
	07/21		7.40	0.9
	07/28		7.40	1.0
	08/04		7.35	0.9
	08/11		7.41	0.9
	08/18		7.42	0.9
	08/25		7.42	0.9
	09/01		7.42	1.0
	09/08		7.42	0.9
	09/15		7.42	0.9
	09/22		7.41	1.0
	09/29		7.43	1.0
	10/06		7.41	0.9
	10/13		7.41	0.9
	10/20		7.44	1.0
	10/27		7.42	1.0
	11/03		7.43	1.0
	11/10		7.42	1.0
	11/17		7.42	1.0
	11/24		7.44	0.9
	12/01		7.45	1.0
	12/08		7.43	1.0
	12/15		7.43	1.0
	12/22		7.45	1.0
	12/29		7.45	0.9
1973	01/05		7.44	0.9
	01/12		7.44	0.9
	01/19		7.44	0.9
	01/26		7.43	0.9
	02/02		7.43	0.9
	02/09		7.43	1.0
	02/16		7.45	0.9
	02/23		7.45	1.0
	03/02		7.45	1.0
	03/09		7.45	0.9
	03/16		7.45	0.9
	03/23		7.45	0.9
	03/30		7.49	0.9
	04/06		7.51	1.0
	04/13		7.54	0.9
	04/20		7.56	0.9
	04/27		7.56	0.9
	05/04		7.58	0.9
	05/11		7.64	0.9
	05/18		7.69	0.9
	05/24		7.70	0.9
	06/01		7.70	0.9
	06/08		7.73	0.9
	06/15		7.73	0.9
	06/22		7.75	0.9
	06/29		7.76	0.9
	07/06		7.89	0.9
	07/13		8.01	1.0
	07/20		8.12	0.9
	07/27		8.18	1.0
	08/03		8.26	1.0
	08/10		8.40	1.1
	08/17		8.55	1.0
	08/24		8.61	1.0
	08/31		8.66	1.1
	09/07		8.77	1.1
	09/14		8.81	1.1
	09/21		8.83	1.1
	09/28		8.85	1.1
	10/05		8.82	1.1
	10/12		8.83	1.1
	10/19		8.75	1.0
	10/26		8.68	1.0
	11/02		8.62	1.0
	11/09		8.59	1.0
	11/16		8.58	1.0
	11/23		8.57	1.0
	11/30		8.55	1.0
	12/07		8.53	1.0
	12/14		8.53	1.0
	12/21		8.53	1.0
	12/28		8.56	1.0
1974	01/04		8.56	1.0
	01/11		8.53	1.0
	01/18		8.55	1.0
	01/25		8.52	1.0
	02/01		8.48	1.0
	02/08		8.46	1.0
	02/15		8.46	1.0
	02/22		8.42	1.0
	03/01		8.41	1.0
	03/08		8.41	1.0
	03/15		8.40	1.0
	03/22		8.40	1.0
	03/29		8.41	1.0
	04/05		8.44	1.0
	04/12		8.53	1.0
	04/19		8.63	1.0
	04/26		8.73	1.0
	05/03		8.87	1.0
	05/10		8.98	1.0
	05/17		8.97	1.1
	05/24		9.01	1.1
	05/31		9.03	1.2
	06/07		9.06	1.2
	06/14		9.11	1.1
	06/21		9.07	1.2
	06/28		9.10	1.3
	07/05		9.14	1.3
	07/12		9.19	1.3
	07/19		9.37	1.2
	07/26		9.42	1.2
	08/02		9.47	1.3
	08/09		9.50	1.3
	08/16		9.60	1.2
	08/23		9.62	1.3
	08/30		9.74	1.3
	09/06		9.88	1.4
	09/13		9.92	1.4
	09/20		10.00	1.4
	09/27		10.03	1.4
	10/04		10.02	1.5
	10/11		9.96	1.5
	10/18		9.99	1.5
	10/25		9.94	1.5
	11/01		9.87	1.5
	11/08		9.81	1.4
	11/15		9.81	1.3
	11/22		9.73	1.3
	11/29		9.72	1.4
	12/06		9.69	1.3
	12/13		9.63	1.3
	12/20		9.58	1.3
	12/27		9.56	1.2
1975	01/03		9.60	1.2
	01/10		9.49	1.2
	01/17		9.43	1.2
	01/24		9.35	1.3
	01/31		9.29	1.2
	02/07		9.20	1.3
	02/14		9.13	1.2
	02/21		9.07	1.2
	02/28		9.02	1.1
	03/07		9.00	1.1
	03/14		8.89	1.1
	03/21		8.86	1.1
	03/28		8.86	1.1
	04/04		8.83	1.0
	04/11		8.81	1.0
	04/18		8.80	1.0
	04/25		8.84	1.0
	05/02		8.92	1.1
	05/09		8.88	1.0
	05/16		8.92	1.1
	05/23		8.92	1.1
	05/30		8.89	1.1
	06/06		8.89	1.0
	06/13		8.90	1.0
	06/20		8.88	1.0
	06/27		8.90	1.1
	07/03		8.88	1.1
	07/11		8.90	1.1
	07/18		8.89	1.1
	07/25		8.89	1.1
	08/01		8.89	1.1
	08/08		8.89	1.1
	08/15		8.93	1.1
	08/22		8.98	1.1
	08/29		9.02	1.1
	09/05		9.08	1.1
	09/12		9.16	1.1
	09/19		9.14	1.2
	09/26		9.14	1.1
	10/03		9.20	1.1
	10/10		9.21	1.1
	10/17		9.21	1.1
	10/24		9.26	1.1
	10/31		9.24	1.2
	11/07		9.19	1.2
	11/14		9.16	1.1
	11/21		9.12	1.1
	11/28		9.11	1.1
	12/05		9.11	1.1
	12/12		9.11	1.1
	12/19		9.08	1.1
	12/26		9.09	1.1
1976	01/02		9.10	1.1
	01/09		9.07	1.1
	01/16		9.01	1.1
	01/23		9.00	1.1
	01/30		8.90	1.0
	02/06		8.86	0.9
	02/13		8.83	0.9
	02/20		8.81	0.9
	02/27		8.75	1.1
	03/05		8.77	1.3
	03/12		8.75	1.3
	03/19		8.75	1.3
	03/26		8.75	1.3
	04/02		8.70	1.3
	04/09		8.70	1.3
	04/16		8.75	1.3
	04/23		8.75	1.3
	04/30		8.75	1.3
	05/07		8.75	1.3
	05/14		8.75	1.3
	05/21		8.78	1.3
	05/28		8.78	1.3
	06/04		8.78	1.3
	06/11		8.83	1.3
	06/18		8.88	1.3
	06/25		8.90	1.3
	07/02		8.93	1.3
	07/09		8.93	1.2
	07/16		8.93	1.2
	07/23		8.90	1.1
	07/30		8.98	1.2
	08/06		9.00	1.2
	08/13		9.00	1.2
	08/20		9.00	1.2
	08/27		9.00	1.2
	09/03		9.00	1.2
	09/10		8.97	1.2
	09/17		8.97	1.2
	09/24		8.97	1.2
	10/01		8.90	1.2
	10/08		8.95	1.2
	10/15		8.95	1.2
	10/22		8.95	1.1
	10/29		8.90	1.1
	11/05		8.85	1.3
	11/12		8.80	1.3
	11/19		8.80	1.3
	11/26		8.80	1.3
	12/03		8.80	1.3
	12/10		8.80	1.2
	12/17		8.80	1.2
	12/24		8.78	1.2
	12/31		8.78	1.2
1977	01/07		8.70	1.1
	01/14		8.73	1.1
	01/21		8.73	1.1
	01/28		8.73	1.1
	02/04		8.68	1.1
	02/11		8.70	1.1
	02/18		8.65	1.2
	02/25		8.65	1.1
	03/04		8.65	1.2
	03/11		8.70	1.2
	03/18		8.70	1.2
	03/25		8.70	1.2
	04/01		8.70	1.1
	04/08		8.75	1.2
	04/15		8.75	1.1
	04/22		8.78	1.1
	04/29		8.78	1.1
	05/06		8.78	1.2
	05/13		8.83	1.1
	05/20		8.85	1.1
	05/27		8.85	1.1
	06/03		8.85	1.1
	06/10		8.85	1.1
	06/17		8.85	1.1
	06/24		8.88	1.1
	07/01		8.95	1.1
	07/08		8.93	1.1
	07/15		8.95	1.1
	07/22		8.95	1.1
	07/29		8.93	1.1
	08/05		8.95	1.1
	08/12		8.95	1.1
	08/19		8.93	1.1
	08/26		8.93	1.1
	09/02		8.88	1.1
	09/09		8.90	1.1
	09/16		8.90	1.1
	09/23		8.90	1.1
	09/30		8.90	1.2
	10/07		8.93	1.2
	10/14		8.93	1.2
	10/21		8.93	1.2
	10/28		8.90	1.1
	11/04		8.90	1.1
	11/11		8.93	1.1
	11/18		8.93	1.1
	11/25		8.93	1.2
	12/02		8.95	1.1
	12/09		8.95	1.2
	12/16		8.95	1.3
	12/23		8.95	1.3
	12/30		9.00	1.2
1978	01/06		9.00	1.3
	01/13		9.03	1.2
	01/20		8.98	1.3
	01/27		9.05	1.3
	02/03		9.13	1.3
	02/10		9.15	1.3
	02/17		9.15	1.3
	02/24		9.15	1.3
	03/03		9.15	1.3
	03/10		9.15	1.3
	03/17		9.23	1.3
	03/24		9.23	1.3
	03/31		9.25	1.3
	04/07		9.28	1.3
	04/14		9.33	1.3
	04/21		9.38	1.2
	04/28		9.43	1.2
	05/05		9.48	1.2
	05/12		9.55	1.4
	05/19		9.58	1.3
	05/26		9.68	1.4
	06/02		9.68	1.4
	06/09		9.70	1.4
	06/16		9.73	1.4
	06/23		9.70	1.4
	06/30		9.73	1.4
	07/07		9.73	1.5
	07/14		9.73	1.5
	07/21		9.75	1.3
	07/28		9.75	1.3
	08/04		9.78	1.3
	08/11		9.78	1.3
	08/18		9.78	1.3
	08/25		9.80	1.3
	09/01		9.75	1.3
	09/08		9.75	1.3
	09/15		9.75	1.3
	09/22		9.75	1.4
	09/29		9.78	1.4
	10/06		9.85	1.2
	10/13		9.85	1.2
	10/20		9.85	1.2
	10/27		9.88	1.2
	11/03		9.90	1.2
	11/10		10.05	1.2
	11/17		10.20	1.2
	11/24		10.28	1.3
	12/01		10.30	1.4
	12/08		10.35	1.4
	12/15		10.35	1.4
	12/22		10.35	1.4
	12/29		10.38	1.4
1979	01/05		10.38	1.5
	01/12		10.38	1.5
	01/19		10.40	1.5
	01/26		10.40	1.5
	02/02		10.40	1.5
	02/09		10.43	1.5
	02/16		10.40	1.5
	02/23		10.40	1.5
	03/02		10.43	1.5
	03/09		10.40	1.5
	03/16		10.40	1.5
	03/23		10.45	1.6
	03/30		10.45	1.6
	04/06		10.48	1.6
	04/13		10.48	1.6
	04/20		10.50	1.2
	04/27		10.53	1.6
	05/04		10.60	1.6
	05/11		10.68	1.6
	05/18		10.73	1.6
	05/25		10.75	1.6
	06/01		10.90	1.6
	06/08		11.03	1.6
	06/15		11.05	1.6
	06/22		11.10	1.7
	06/29		11.10	1.6
	07/06		11.13	1.7
	07/13		11.08	1.7
	07/20		11.08	1.6
	07/27		11.08	1.6
	08/03		11.08	1.6
	08/10		11.08	1.6
	08/17		11.08	1.7
	08/24		11.10	1.7
	08/31		11.13	1.7
	09/07		11.20	1.7
	09/14		11.30	1.6
	09/21		11.35	1.6
	09/28		11.35	1.6
	10/05		11.35	1.6
	10/12		11.45	1.6
	10/19		11.75	1.7
	10/26		12.00	1.7
	11/02		12.80	1.7
	11/09		12.85	1.7
	11/16		12.80	1.7
	11/23		12.80	1.7
	11/30		12.90	1.6
	12/07		12.90	1.6
	12/14		12.90	1.6
	12/21		12.90	1.6
	12/28		12.90	1.6
1980	01/04		12.85	1.6
	01/11		12.90	1.6
	01/18		12.87	1.6
	01/25		12.89	1.6
	02/01		12.85	1.6
	02/08		12.85	1.6
	02/15		12.88	1.6
	02/22		13.03	1.6
	02/29		13.59	1.8
	03/07		14.00	1.9
	03/14		15.40	1.9
	03/21		15.70	2.0
	03/28		16.03	2.1
	04/04		16.35	2.0
	04/11		16.35	1.9
	04/18		16.35	1.9
	04/25		16.25	1.9
	05/02		15.90	1.9
	05/09		14.68	1.8
	05/16		14.15	1.8
	05/23		13.38	1.9
	05/30		13.20	1.9
	06/06		13.06	1.8
	06/13		12.85	1.8
	06/20		12.58	1.9
	06/27		12.35	1.7
	07/04		12.18	1.7
	07/11		12.23	1.7
	07/18		12.18	1.8
	07/25		12.18	1.8
	08/01		12.25	1.8
	08/08		12.25	1.8
	08/15		12.55	1.7
	08/22		12.80	1.7
	08/29		12.95	1.7
	09/05		13.03	1.7
	09/12		13.08	1.8
	09/19		13.25	1.7
	09/26		13.43	1.7
	10/03		13.60	1.8
	10/10		13.73	1.7
	10/17		13.78	1.8
	10/24		13.85	1.7
	10/31		14.00	1.7
	11/07		14.08	1.7
	11/14		14.18	1.7
	11/21		14.28	1.7
	11/28		14.28	1.7
	12/05		14.43	1.7
	12/12		14.83	1.7
	12/19		14.95	1.7
	12/26		14.95	1.7
1981	01/02		14.95	2.0
	01/09		14.80	2.0
	01/16		14.85	2.0
	01/23		14.85	2.0
	01/30		15.07	2.0
	02/06		15.00	2.0
	02/13		15.03	2.0
	02/20		15.20	2.0
	02/27		15.30	2.0
	03/06		15.40	2.0
	03/13		15.40	2.1
	03/20		15.40	2.0
	03/27		15.40	2.0
	04/03		15.40	2.0
	04/10		15.50	2.0
	04/17		15.65	2.0
	04/24		15.77	2.1
	05/01		15.82	1.9
	05/08		16.12	2.1
	05/15		16.64	2.1
	05/22		16.63	2.1
	05/29		16.80	2.1
	06/05		16.76	2.1
	06/12		16.69	2.0
	06/19		16.71	2.1
	06/26		16.62	2.1
	07/03		16.64	2.1
	07/10		16.79	2.2
	07/17		16.74	2.1
	07/24		16.88	2.1
	07/31		17.11	2.2
	08/07		17.13	2.0
	08/14		17.27	2.1
	08/21		17.26	2.1
	08/28		17.48	2.1
	09/04		17.79	2.0
	09/11		18.22	2.1
	09/18		18.27	2.2
	09/25		18.36	2.2
	10/02		18.28	2.4
	10/09		18.63	2.2
	10/16		18.53	2.3
	10/21		18.39	2.2
	10/30		18.44	2.3
	11/06		18.37	2.1
	11/13		18.02	2.1
	11/20		17.70	2.2
	11/27		17.21	2.1
	12/04		16.90	2.1
	12/11		16.94	2.1
	12/18		16.90	2.0
	12/25		16.95	2.0
	12/31		17.04	2.1
1982	01/08		17.30	2.1
	01/15		17.44	2.2
	01/22		17.61	2.2
	01/29		17.59	2.2
	02/05		17.56	2.2
	02/12		17.65	2.2
	02/19		17.66	2.3
	02/26		17.52	2.2
	03/05		17.29	2.2
	03/12		17.19	2.3
	03/19		17.12	2.2
	03/26		17.04	2.2
	04/02		16.95	2.2
	04/09		16.91	2.3
	04/16		16.93	2.3
	04/23		16.86	2.3
	04/30		16.81	2.4
	05/07		16.78	2.3
	05/14		16.63	2.4
	05/21		16.67	2.3
	05/28		16.63	2.3
	06/04		16.65	2.2
	06/11		16.70	2.2
	06/18		16.71	2.1
	06/25		16.73	2.3
	07/02		16.87	2.3
	07/09		16.93	2.3
	07/16		16.88	2.2
	07/23		16.75	2.2
	07/30		16.65	2.2
	08/06		16.55	2.2
	08/13		16.44	2.2
	08/20		16.21	2.3
	08/27		15.88	2.3
	09/03		15.59	2.2
	09/10		15.56	2.3
	09/17		15.38	2.3
	09/24		15.19	2.2
	10/01		15.13	2.3
	10/08		14.96	2.2
	10/15		14.60	2.2
	10/22		14.20	2.2
	10/29		14.15	2.2
	11/05		13.91	2.2
	11/12		13.84	2.3
	11/19		13.78	2.1
	11/26		13.77	2.1
	12/03		13.66	2.2
	12/10		13.66	2.2
	12/17		13.63	2.2
	12/24		13.60	2.1
	12/31		13.57	2.3
1983	01/07		13.46	2.2
	01/14		13.31	2.2
	01/21		13.12	2.2
	01/28		13.10	2.0
	02/04		13.06	2.0
	02/11		13.06	1.9
	02/18		13.07	2.0
	02/25		12.98	1.9
	03/04		12.74	2.1
	03/11		12.79	2.1
	03/18		12.81	2.2
	03/25		12.86	2.2
	04/01		12.82	2.2
	04/08		12.82	2.2
	04/15		12.79	2.2
	04/22		12.75	2.0
	04/29		12.73	2.1
	05/06		12.71	2.1
	05/13		12.59	2.1
	05/20		12.55	2.1
	05/27		12.68	2.1
	06/03		12.74	2.2
	06/10		12.82	2.0
	06/17		12.96	2.1
	06/24		12.96	2.1
	07/01		13.08	2.1
	07/08		13.30	2.1
	07/15		13.50	2.2
	07/22		13.58	2.2
	07/29		13.65	2.2
	08/05		13.73	2.2
	08/12		13.84	2.2
	08/19		13.89	2.2
	08/26		13.78	2.2
	09/02		13.77	2.2
	09/09		13.77	2.2
	09/16		13.72	2.2
	09/23		13.72	2.2
	09/30		13.65	2.2
	10/07		13.59	2.2
	10/14		13.60	2.2
	10/21		13.52	2.1
	10/28		13.43	2.0
	11/04		13.42	2.1
	11/11		13.47	2.1
	11/18		13.42	2.2
	11/25		13.43	2.1
	12/02		13.41	2.1
	12/09		13.38	2.2
	12/16		13.42	2.1
	12/23		13.46	2.2
	12/30		13.43	2.2
1984	01/06		13.43	2.3
	01/13		13.40	2.3
	01/20		13.35	2.3
	01/27		13.29	2.3
	02/03		13.26	2.5
	02/10		13.23	2.4
	02/17		13.19	2.4
	02/24		13.25	2.4
	03/02		13.23	2.4
	03/09		13.30	2.4
	03/16		13.37	2.4
	03/23		13.48	2.4
	03/30		13.55	2.4
	04/06		13.63	2.4
	04/13		13.58	2.4
	04/20		13.67	2.5
	04/27		13.73	2.4
	05/04		13.78	2.4
	0511		13.87	2.5
	05/18		14.04	2.5
	05/25		14.08	2.5
	06/01		14.29	2.4
	06/08		14.33	2.5
	06/15		14.47	2.5
	06/22		14.49	2.5
	06/29		14.50	2.5
	07/06		14.66	2.4
	07/13		14.68	2.6
	07/20		14.66	2.6
	07/27		14.67	2.7
	08/03		14.68	2.6
	08/10		14.54	2.6
	08/17		14.39	2.6
	08/24		14.36	2.6
	08/31		14.38	2.6
	09/07		14.42	2.6
	09/14		14.43	2.5
	09/21		14.29	2.7
	09/28		14.26	2.5
	10/05		14.18	2.6
	10/12		14.19	2.6
	10/19		14.10	2.6
	10/26		14.05	2.6
	11/02		13.85	2.5
	11/09		13.74	2.5
	11/16		13.63	2.5
	11/23		13.55	2.5
	11/30		13.42	2.4
	12/07		13.20	2.6
	12/14		13.20	2.5
	12/21		13.18	2.5
	12/28		13.14	2.5
1985	01/04		13.10	2.5
	01/11		13.12	2.5
	01/18		13.12	2.5
	01/25		12.96	2.5
	02/01		12.93	2.4
	02/08		12.91	2.4
	02/15		12.90	2.5
	02/22		12.94	2.4
	03/01		13.02	2.5
	03/08		13.10	2.6
	03/15		13.20	2.6
	03/22		13.24	2.7
	03/29		13.29	2.7
	04/05		13.27	2.7
	04/12		13.23	2.6
	04/19		13.16	2.6
	04/26		13.12	2.5
	05/03		13.07	2.6
	05/10		13.02	2.6
	05/17		12.94	2.5
	05/24		12.83	2.5
	05/31		12.71	2.5
	06/07		12.39	2.5
	06/14		12.27	2.5
	06/21		12.05	2.6
	06/28		12.15	2.5
	07/05		12.13	2.6
	07/12		12.03	2.5
	07/19		11.94	2.4
	07/26		12.03	2.6
	08/02		12.17	2.6
	08/09		12.23	2.6
	08/16		12.24	2.7
	08/23		12.18	2.5
	08/30		12.11	2.7
	09/06		12.15	2.5
	09/13		12.24	2.5
	09/20		12.21	2.5
	09/27		12.17	2.7
	10/04		12.17	2.6
	10/11		12.17	2.5
	10/18		12.13	2.5
	10/25		12.07	2.4
	11/01		12.01	2.4
	11/08		11.90	2.4
	11/15		11.79	2.4
	11/22		11.64	2.3
	11/29		11.58	2.3
	12/06		11.50	2.4
	12/13		11.31	2.3
	12/20		11.14	2.3
	12/27		11.09	2.2
1986	01/03		10.81	2.3
	01/10		10.77	2.3
	01/17		10.99	2.4
	01/24		10.97	2.3
	01/31		10.89	2.4
	02/07		10.85	2.3
	02/14		10.80	2.4
	02/21		10.68	2.3
	02/28		10.51	2.2
	03/07		10.20	2.3
	03/14		10.01	2.3
	03/21		10.01	2.3
	03/28		10.10	2.3
	04/04		9.99	2.3
	04/11		9.98	2.3
	04/18		9.92	2.1
	04/25		9.86	2.2
	05/02		9.90	2.2
	05/09		10.00	2.2
	05/16		10.08	2.3
	05/23		10.36	2.4
	05/30		10.38	2.3
	06/06		10.74	2.3
	06/13		10.76	2.3
	06/20		10.61	2.2
	06/27		10.62	2.2
	07/04		10.61	2.2
	07/11		10.59	2.2
	07/18		10.43	2.2
	07/25		10.40	2.2
	08/01		10.40	2.1
	08/08		10.40	2.2
	08/15		10.23	2.1
	08/22		10.04	2.1
	08/29		9.93	2.1
	09/05		9.90	2.2
	09/12		9.96	2.1
	09/19		10.07	2.1
	09/26		10.10	2.2
	10/03		10.08	2.1
	10/10		9.99	2.1
	10/17		9.96	2.1
	10/24		9.95	2.2
	10/31		9.89	2.1
	11/07		9.83	2.1
	11/14		9.81	2.0
	11/21		9.64	2.0
	11/28		9.50	2.0
	12/05		9.30	2.0
	12/12		9.35	2.1
	12/19		9.30	2.1
	12/26		9.29	2.1
1987	01/02		9.37	2.2
	01/09		9.32	2.2
	01/16		9.21	2.1
	01/23		9.04	2.2
	01/30		9.08	2.2
	02/06		9.06	2.1
	02/13		9.09	2.1
	02/20		9.11	2.1
	02/27		9.07	2.1
	03/06		9.03	2.0
	03/13		9.05	2.1
	03/20		9.03	2.1
	03/27		9.03	2.0
	04/03		9.26	2.2
	04/10		9.43	2.3
	04/17		10.27	2.3
	04/24		10.37	2.2
	05/01		10.47	2.2
	05/08		10.52	2.2
	05/15		10.48	2.3
	05/22		10.81	2.3
	05/29		10.70	2.3
	06/05		10.70	2.3
	06/12		10.66	2.2
	06/19		10.44	2.2
	06/26		10.35	2.2
	07/03		10.36	2.2
	07/10		10.30	2.2
	07/17		10.23	2.2
	07/24		10.23	2.1
	07/31		10.27	2.2
	08/07		10.35	2.0
	08/14		10.34	2.0
	08/21		10.30	2.2
	08/28		10.33	2.1
	09/04		10.63	2.2
	09/11		10.91	2.2
	09/18		10.99	2.3
	09/25		11.02	2.2
	10/02		11.18	2.3
	10/09		11.21	2.2
	10/16		11.58	2.3
	10/23		11.36	2.2
	10/30		10.97	2.2
	11/06		10.79	2.1
	11/13		10.66	2.1
	11/20		10.60	2.0
	11/27		10.55	2.0
	12/04		10.60	2.1
	12/11		10.66	2.2
	12/18		10.69	2.2
	12/25		10.64	2.2
	12/31		10.61	2.0
1988	01/08		10.50	2.0
	01/15		10.53	2.0
	01/22		10.34	2.0
	01/29		10.16	2.0
	02/05		9.94	2.0
	02/12		9.84	2.1
	02/19		9.92	2.1
	02/26		9.87	2.1
	03/04		9.85	2.0
	03/11		9.96	2.0
	03/18		9.92	2.0
	03/25		9.99	2.1
	04/01		10.05	2.1
	04/08		10.19	2.2
	04/15		10.19	2.1
	04/22		10.30	2.2
	04/29		10.28	2.1
	05/06		10.32	2.2
	05/13		10.40	2.1
	05/20		10.52	2.1
	05/27		10.58	2.1
	06/03		10.58	2.1
	06/10		10.51	2.0
	06/17		10.35	2.0
	06/24		10.40	2.0
	07/01		10.39	2.0
	07/08		10.38	2.0
	07/15		10.44	2.0
	07/22		10.46	2.1
	07/29		10.49	2.1
	08/05		10.44	2.0
	08/12		10.57	2.2
	08/19		10.71	2.3
	08/26		10.67	2.2
	09/02		10.65	2.4
	09/09		10.53	2.1
	09/16		10.40	2.0
	09/23		10.40	2.0
	09/30		10.42	2.1
	10/07		10.38	1.9
	10/14		10.33	1.9
	10/21		10.28	1.9
	10/28		10.22	1.9
	11/04		10.12	1.9
	11/11		10.24	2.0
	11/18		10.31	2.2
	11/25		10.39	2.1
	12/02		10.44	2.1
	12/09		10.46	2.0
	12/16		10.71	2.2
	12/23		10.68	2.2
	12/30		10.77	2.2
1989	01/06		10.80	2.2
	01/13		10.81	2.1
	01/20		10.71	2.0
	01/27		10.60	2.1
	02/03		10.55	2.1
	02/10		10.56	2.0
	02/17		10.69	2.2
	02/24		10.78	2.3
	03/03		10.91	2.3
	03/10		10.86	2.2
	03/17		10.98	2.1
	03/24		11.22	2.2
	03/31		11.19	2.2
	04/07		11.07	2.2
	04/14		11.11	2.2
	04/21		10.99	2.1
	04/28		11.03	2.1
	05/05		10.97	2.1
	05/12		10.93	2.2
	05/19		10.69	2.0
	05/26		10.50	2.0
	06/02		10.48	2.0
	06/09		10.20	2.1
	06/16		10.04	2.1
	06/23		10.19	2.1
	06/30		10.07	2.1
	07/07		10.03	2.1
	07/14		9.82	2.1
	07/21		9.87	2.0
	07/28		9.81	2.1
	08/04		9.68	2.0
	08/11		9.96	2.1
	08/18		10.09	2.1
	08/25		10.21	2.0
	09/01		10.22	1.9
	09/08		10.17	2.0
	09/15		10.05	2.0
	09/22		10.03	2.0
	09/29		10.16	2.1
	10/06		10.10	2.1
	10/13		9.95	2.0
	10/20		9.92	2.0
	10/27		9.82	2.0
	11/03		9.82	2.0
	11/10		9.79	1.9
	11/17		9.72	2.0
	11/24		9.74	2.0
	12/01		9.74	2.0
	12/08		9.76	2.0
	12/15		9.75	1.9
	12/22		9.69	2.0
	12/29		9.78	2.0
1990	01/05		9.83	2.0
	01/12		9.80	2.0
	01/19		9.90	2.1
	01/26		10.05	2.1
	02/02		10.17	2.1
	02/09		10.21	2.1
	02/16		10.10	2.1
	02/23		10.31	2.1
	03/02		10.23	2.1
	03/09		10.29	2.1
	03/16		10.34	2.0
	03/23		10.26	2.0
	03/30		10.22	2.1
	04/06		10.26	2.0
	04/13		10.25	2.0
	04/20		10.41	2.1
	04/27		10.56	2.1
	05/04		10.67	2.1
	05/11		10.54	2.0
	05/18		10.37	2.0
	05/25		10.33	2.0
	06/01		10.29	2.0
	06/08		10.10	2.0
	06/15		10.12	2.0
	06/22		10.16	2.0
	06/29		10.15	2.0
	07/06		10.06	1.9
	07/13		10.11	2.0
	07/20		9.99	2.0
	07/27		9.98	2.0
	08/03		9.84	1.9
	08/10		10.08	2.1
	08/17		10.05	2.0
	08/24		10.29	2.1
	08/31		10.24	2.1
	09/07		10.19	2.0
	09/14		10.13	2.0
	09/21		10.16	2.1
	09/28		10.22	2.2
	10/05		10.08	2.1
	10/12		10.22	2.2
	10/19		10.24	2.2
	10/26		10.17	2.1
	11/02		10.13	2.1
	11/09		10.09	2.1
	11/16		10.02	2.0
	11/23		9.93	2.1
	11/30		9.90	2.0
	12/07		9.81	1.9
	12/14		9.56	1.9
	12/21		9.64	1.9
	12/28		9.68	2.0
1991	01/04		9.56	1.9
	01/11		9.63	2.1
	01/18		9.75	2.2
	01/25		9.61	2.0
	02/01		9.56	2.0
	02/08		9.36	1.9
	02/15		9.25	2.0
	02/22		9.29	2.1
	03/01		9.40	2.1
	03/08		9.49	2.1
	03/15		9.50	2.0
	03/22		9.59	2.1
	03/29		9.52	2.1
	04/05		9.49	2.0
	04/12		9.48	2.0
	04/19		9.47	2.0
	04/26		9.53	2.1
	05/03		9.47	1.9
	05/10		9.47	1.9
	05/17		9.50	2.1
	05/24		9.47	2.0
	05/31		9.45	1.9
	06/07		9.48	2.0
	06/14		9.66	2.2
	06/21		9.65	2.0
	06/28		9.67	2.1
	07/05		9.62	2.0
	07/12		9.64	2.0
	07/19		9.54	2.0
	07/26		9.50	1.9
	08/02		9.44	2.0
	08/09		9.27	1.8
	08/16		9.19	1.9
	08/23		9.17	1.9
	08/30		9.15	1.9
	09/06		9.14	1.9
	09/13		9.02	1.9
	09/20		8.95	1.9
	09/27		8.92	1.8
	10/04		8.87	1.8
	10/11		8.82	1.8
	10/18		8.82	1.9
	10/25		8.91	1.9
	11/01		8.78	1.8
	11/08		8.76	1.7
	11/15		8.69	1.8
	11/22		8.63	1.8
	11/29		8.70	1.9
	12/06		8.62	1.8
	12/13		8.53	1.7
	12/20		8.49	1.8
	12/27		8.35	1.8
1992	01/03		8.24	1.7
	01/10		8.23	1.6
	01/17		8.45	1.8
	01/24		8.56	1.8
	01/31		8.68	2.1
	02/07		8.67	1.7
	02/14		8.73	1.9
	02/21		8.82	1.9
	02/28		8.83	1.8
	03/06		8.85	1.9
	03/13		8.88	1.9
	03/20		9.03	1.8
	03/27		8.98	1.8
	04/03		8.96	1.7
	04/10		8.84	1.6
	04/17		8.76	1.6
	04/24		8.85	1.8
	05/01		8.84	1.8
	05/08		8.75	1.6
	05/15		8.64	1.6
	05/22		8.53	1.6
	05/29		8.60	1.8
	06/05		8.59	1.8
	06/12		8.54	1.6
	06/19		8.48	1.6
	06/26		8.43	1.6
	07/03		8.29	1.5
	07/10		8.13	1.5
	07/17		8.09	1.6
	07/24		8.08	1.6
	07/31		8.05	1.7
	08/07		8.06	1.6
	08/14		7.96	1.6
	08/21		7.87	1.7
	08/28		8.01	1.8
	09/04		7.94	1.7
	09/11		7.84	1.6
	09/18		7.89	1.7
	09/24		8.02	1.7
	10/02		7.93	1.6
	10/09		8.01	1.8
	10/16		8.06	1.7
	10/23		8.23	2.0
	10/30		8.21	1.9
	11/06		8.29	2.0
	11/13		8.32	2.0
	11/20		8.32	1.8
	11/27		8.29	1.8
	12/04		8.34	1.8
	12/11		8.23	1.6
	12/18		8.19	1.6
	12/25		8.13	1.5
	12/31		8.14	1.6
1993	01/08		8.07	1.6
	01/15		8.04	1.6
	01/22		8.00	1.7
	01/29		7.86	1.5
	02/05		7.80	1.5
	02/12		7.75	1.6
	02/19		7.65	1.5
	02/26		7.53	1.5
	03/05		7.44	1.5
	03/12		7.47	1.6
	03/19		7.57	1.7
	03/26		7.50	1.7
	04/02		7.53	1.7
	04/09		7.57	1.8
	04/16		7.45	1.6
	04/23		7.38	1.6
	04/30		7.43	1.8
	05/07		7.42	1.7
	05/14		7.42	1.8
	05/21		7.52	1.8
	05/28		7.50	1.8
	06/04		7.47	1.7
	06/11		7.48	1.7
	06/18		7.38	1.6
	06/25		7.34	1.5
	07/02		7.23	1.5
	07/09		7.19	1.6
	07/16		7.16	1.6
	07/23		7.20	1.7
	07/30		7.25	1.7
	08/06		7.21	1.6
	08/13		7.17	1.5
	08/20		7.10	1.4
	08/27		6.97	1.4
	09/03		6.93	1.4
	09/10		6.82	1.4
	09/17		6.96	1.6
	09/24		6.95	1.6
	10/01		6.89	1.5
	10/08		6.87	1.5
	10/15		6.81	1.5
	10/22		6.74	1.5
	10/29		6.86	1.5
	11/05		7.11	1.4
	11/12		7.12	1.5
	11/19		7.08	1.6
	11/26		7.31	1.7
	12/04		7.25	1.7
	12/10		7.14	1.6
	12/17		7.17	1.7
	12/24		7.17	1.7
	12/31		7.13	1.6
1994	01/07		7.23	1.6
	01/14		6.99	1.7
	01/21		7.05	1.7
	01/28		6.97	1.7
	02/04		6.97	1.7
	02/11		7.21	1.8
	02/18		7.11	1.8
	02/25		7.32	1.7
	03/04		7.51	1.7
	03/11		7.63	1.6
	03/18		7.76	1.7
	03/25		7.80	1.7
	04/01		8.04	1.7
	04/08		8.47	1.7
	04/15		8.26	1.8
	04/22		8.49	1.8
	04/29		8.32	1.8
	05/06		8.53	1.8
	05/13		8.77	1.8
	05/20		8.56	1.8
	05/27		8.53	1.8
	06/03		8.55	1.8
	06/10		8.25	1.8
	06/17		8.33	1.8
	06/24		8.46	1.8
	07/01		8.57	1.7
	07/08		8.68	1.8
	07/15		8.72	1.8
	07/22		8.53	1.8
	07/29		8.57	1.9
	08/05		8.38	1.8
	08/12		8.57	1.8
	08/19		8.54	1.8
	08/26		8.56	1.8
	09/02		8.48	1.8
	09/09		8.51	1.8
	09/16		8.66	1.8
	09/23		8.73	1.8
	09/30		8.82	1.8
	10/07		8.89	1.8
	10/14		8.93	1.8
	10/21		8.85	1.8
	10/28		9.03	1.8
	11/04		9.05	1.9
	11/11		9.19	1.8
	11/18		9.19	1.8
	11/25		9.25	1.8
	12/02		9.23	1.8
	12/09		9.15	1.8
	12/16		9.25	1.8
	12/23		9.18	1.8
	12/30		9.18	1.8
1995	01/06		9.22	1.8
	01/13		9.19	1.8
	01/20		9.05	1.8
	01/27		9.13	1.9
	02/03		8.94	1.8
	02/10		8.80	1.9
	02/17		8.84	1.9
	02/24		8.73	1.9
	03/03		8.53	1.8
	03/10		8.62	1.9
	03/17		8.38	1.8
	03/24		8.40	1.8
	03/31		8.38	1.8
	04/07		8.41	1.9
	04/14		8.37	1.9
	04/21		8.24	1.9
	04/28		8.26	1.9
	05/05		8.27	1.9
	05/12		7.87	1.8
	05/19		7.83	1.8
	05/26		7.85	1.8
	06/02		7.71	1.8
	06/09		7.51	1.7
	06/16		7.55	1.8
	06/23		7.53	1.8
	06/30		7.53	1.8
	07/07		7.63	1.8
	07/14		7.41	1.7
	07/21		7.60	1.7
	07/28		7.79	1.8
	08/04		7.82	1.8
	08/11		7.80	1.8
	08/18		7.94	1.8
	08/25		7.88	1.9
	09/01		7.76	1.8
	09/08		7.63	1.8
	09/15		7.60	1.8
	09/22		7.57	1.8
	09/29		7.62	1.8
	10/06		7.57	1.8
	10/13		7.50	1.9
	10/20		7.38	1.9
	10/27		7.45	1.8
	11/03		7.44	1.8
	11/09		7.37	1.8
	11/17		7.35	1.8
	11/24		7.35	1.8
	12/01		7.33	1.9
	12/08		7.18	1.8
	12/15		7.15	1.8
	12/22		7.23	1.8
	12/29		7.11	1.7
1996	01/05		7.02	1.8
	01/12		7.08	1.7
	01/19		7.02	1.7
	01/26		7.00	1.8
	02/02		7.02	1.8
	02/09		7.02	1.7
	02/16		6.94	1.7
	02/23		7.32	1.7
	03/01		7.41	1.8
	03/08		7.38	1.8
	03/15		7.83	1.7
	03/22		7.81	1.7
	03/29		7.69	1.8
	04/05		7.78	1.7
	04/12		8.05	1.8
	04/19		7.95	1.8
	04/26		7.92	1.8
	05/03		7.99	1.8
	05/10		8.24	1.8
	05/17		8.08	1.7
	05/24		8.01	1.7
	05/31		8.03	1.7
	06/07		8.30	1.7
	06/14		8.39	1.7
	06/21		8.30	1.7
	06/28		8.29	1.7
	07/05		8.14	1.8
	07/12		8.42	1.7
	07/19		8.23	1.8
	07/26		8.19	1.7
	08/02		8.23	1.7
	08/09		7.88	1.7
	08/16		7.88	1.7
	08/23		7.93	1.7
	08/30		8.09	1.7
	09/06		8.34	1.7
	09/13		8.28	1.7
	09/20		8.14	1.7
	09/27		8.16	1.7
	10/04		8.06	1.7
	10/11		7.86	1.7
	10/18		7.88	1.7
	10/25		7.86	1.8
	11/01		7.78	1.8
	11/08		7.67	1.7
	11/15		7.59	1.8
	11/22		7.53	1.8
	11/29		7.52	1.8
	12/06		7.44	1.7
	12/13		7.57	1.7
	12/20		7.74	1.8
	12/27		7.64	1.7
1997	01/03		7.67	1.7
	01/10		7.85	1.8
	01/17		7.87	1.8
	01/24		7.85	1.8
	01/31		7.88	1.8
	02/07		7.74	1.7
	02/14		7.65	1.7
	02/21		7.56	1.7
	02/28		7.65	1.7
	03/07		7.84	1.7
	03/14		7.84	1.7
	03/21		7.94	1.8
	03/28		7.97	1.8
	04/04		8.18	1.7
	04/11		8.15	1.8
	04/18		8.16	1.7
	04/25		8.08	1.7
	05/02		8.01	1.7
	05/09		7.94	1.6
	05/16		7.91	1.6
	05/23		7.92	1.7
	05/30		7.94	1.7
	06/06		7.85	1.7
	06/13		7.72	1.7
	06/20		7.61	1.7
	06/27		7.58	1.7
	07/04		7.62	1.8
	07/11		7.47	1.8
	07/18		7.47	1.8
	07/25		7.43	1.7
	08/01		7.36	1.7
	08/08		7.46	1.7
	08/15		7.54	1.8
	08/22		7.46	1.7
	08/29		7.58	1.7
	09/05		7.53	1.7
	09/12		7.53	1.7
	09/19		7.38	1.7
	09/26		7.28	1.7
	10/03		7.31	1.7
	10/10		7.26	1.7
	10/17		7.34	1.7
	10/24		7.35	1.8
	10/31		7.21	1.7
	11/07		7.24	1.7
	11/14		7.23	1.7
	11/21		7.18	1.7
	11/28		7.17	1.8
	12/05		7.15	1.8
	12/12		7.17	1.8
	12/19		7.07	1.8
	12/26		6.99	1.8
1998	01/02		7.03	1.8
	01/09		6.94	1.4
	01/16		6.89	1.3
	01/23		6.99	1.2
	01/30		7.12	1.2
	02/06		7.03	1.2
	02/13		7.06	1.3
	02/20		6.99	1.2
	02/28		7.09	1.2
	03/06		7.19	1.2
	03/13		7.16	1.2
	03/20		7.08	1.1
	03/27		7.08	1.1
	04/03		7.15	1.1
	04/10		7.09	1.0
	04/17		7.17	1.0
	04/24		7.15	1.0
	05/01		7.22	1.1
	05/08		7.14	1.1
	05/15		7.19	1.1
	05/22		7.10	1.0
	05/29		7.07	1.0
	06/05		7.05	1.0
	06/12		7.04	1.0
	06/19		6.94	1.0
	06/26		6.96	1.0
	07/03		6.98	1.0
	07/10		6.91	1.1
	07/17		6.94	1.1
	07/24		6.96	1.1
	07/31		6.97	1.1
	08/07		6.94	1.1
	08/14		6.91	1.1
	08/21		6.92	1.1
	08/28		6.92	1.1
	09/04		6.82	1.0
	09/11		6.77	1.0
	09/18		6.66	0.9
	09/25		6.64	1.0
	10/02		6.60	1.0
	10/09		6.49	1.0
	10/16		6.90	0.9
	10/23		6.73	0.9
	10/30		6.83	0.9
	11/06		6.89	0.9
	11/13		6.93	1.0
	11/20		6.86	0.9
	11/27		6.78	0.9
	12/04		6.71	0.9
	12/11		6.69	0.9
	12/18		6.69	1.0
	12/25		6.77	1.0
	12/31		6.83	1.0
1999	01/08		6.79	0.9
	01/15		6.83	1.0
	01/22		6.78	0.9
	01/29		6.74	0.9
	02/05		6.75	1.0
	02/12		6.77	1.0
	02/19		6.82	1.0
	02/26		6.89	1.0
	03/05		7.06	1.0
	03/12		7.11	0.8
	03/19		7.01	0.9
	03/26		6.98	0.9
	04/02		6.98	0.9
	04/09		6.92	1.0
	04/16		6.87	1.0
	04/23		6.88	1.0
	04/30		6.93	1.0
	05/07		7.02	1.0
	05/14		7.10	1.0
	05/21		7.23	1.0
	05/28		7.23	1.0
	06/04		7.41	1.0
	06/11		7.51	1.0
	06/18		7.65	1.0
	06/25		7.63	1.0
	07/02		7.71	1.0
	07/09		7.65	1.0
	07/16		7.58	1.0
	07/23		7.52	1.0
	07/30		7.70	1.0
	08/06		7.89	1.0
	08/13		8.15	1.0
	08/20		7.93	1.0
	08/27		7.80	1.0
	09/03		7.83	0.9
	09/10		7.88	1.0
	09/17		7.82	1.0
	09/24		7.76	1.0
	10/01		7.70	1.0
	10/08		7.82	1.0
	10/15		7.85	1.0
	10/22		7.93	1.0
	10/29		7.96	1.0
	11/05		7.84	1.0
	11/12		7.67	1.0
	11/19		7.69	1.0
	11/26		7.75	1.0
	12/03		7.84	1.0
	12/10		7.84	1.0
	12/17		7.86	1.0
	12/24		7.96	1.0
	12/31		8.06	1.0
2000	01/07		8.15	1.0
	01/14		8.18	1.0
	01/21		8.26	1.0
	01/28		8.25	1.0
	02/04		8.25	1.0
	02/11		8.36	1.0
	02/18		8.38	0.9
	02/25		8.31	1.0
	03/03		8.27	1.0
	03/10		8.23	0.9
	03/17		8.24	1.0
	03/24		8.23	1.0
	03/31		8.23	1.0
	04/07		8.20	1.0
	04/14		8.12	0.9
	04/21		8.16	1.0
	04/28		8.13	1.0
	05/05		8.28	1.0
	05/12		8.52	1.0
	05/19		8.64	1.0
	05/26		8.62	1.0
	06/02		8.54	0.9
	06/09		8.32	0.9
	06/16		8.22	1.0
	06/23		8.14	1.0
	06/30		8.22	0.9
	07/07		8.16	1.0
	07/14		8.09	0.9
	07/21		8.21	0.9
	07/28		8.13	0.9
	08/04		8.12	1.0
	08/11		8.04	0.9
	08/18		7.96	1.0
	08/25		7.99	1.0
	09/01		7.96	1.0
	09/08		7.94	1.0
	09/15		7.88	1.0
	09/22		7.90	1.0
	09/29		7.88	1.0
	10/06		7.83	1.0
	10/13		7.84	1.0
	10/20		7.83	0.9
	10/27		7.68	1.0
	11/03		7.73	0.9
	11/10		7.79	0.9
	11/17		7.73	0.9
	11/24		7.73	0.9
	12/01		7.65	0.9
	12/08		7.54	1.0
	12/15		7.42	0.9
	12/22		7.17	1.0
	12/29		7.13	1.0
2001	01/05		7.07	1.0
	01/12		6.89	0.9
	01/19		7.02	0.9
	01/26		7.15	0.8
	02/02		7.09	1.0
	02/09		6.98	1.0
	02/16		7.01	0.9
	02/23		7.12	0.9
	03/02		7.03	0.9
	03/09		6.97	0.9
	03/16		6.96	0.9
	03/23		6.89	1.0
	03/30		6.91	0.9
	04/06		7.01	0.9
	04/13		7.04	0.8
	04/20		7.14	0.9
	04/27		7.12	1.0
	05/04		7.14	0.9
	05/11		7.10	0.9
	05/18		7.14	1.0
	05/25		7.20	1.0
	06/01		7.24	0.9
	06/08		7.20	1.0
	06/15		7.14	0.9
	06/22		7.11	1.0
	06/29		7.11	1.0
	07/06		7.19	0.9
	07/13		7.21	0.9
	07/20		7.08	0.9
	07/27		7.03	0.9
	08/03		7.00	0.9
	08/10		7.00	0.9
	08/17		6.92	0.9
	08/24		6.91	0.9
	08/31		6.92	0.9
	09/07		6.89	0.9
	09/14		6.86	0.9
	09/21		6.80	0.9
	09/28		6.72	0.9
	10/05		6.64	0.8
	10/12		6.58	0.9
	10/19		6.61	0.9
	10/26		6.64	0.8
	11/02		6.56	0.9
	11/09		6.45	0.8
	11/16		6.51	0.8
	11/23		6.75	0.8
	11/30		7.02	0.7
	12/07		6.84	0.7
	12/14		7.09	0.8
	12/21		7.17	0.7
	12/28		7.16	0.8
2002	01/04		7.14	0.8
	01/11		7.06	0.8
	01/18		6.83	0.7
	01/25		6.96	0.7
	02/01		7.02	0.7
	02/08		6.88	0.7
	02/15		6.86	0.7
	02/22		6.81	0.7
	03/01		6.80	0.7
	03/08		6.87	0.7
	03/15		7.08	0.7
	03/22		7.14	0.7
	03/29		7.18	0.7
	04/05		7.13	0.7
	04/12		6.99	0.8
	04/19		6.94	0.7
	04/26		6.88	0.7
	05/03		6.78	0.7
	05/10		6.79	0.7
	05/17		6.89	0.7
	05/24		6.81	0.7
	05/31		6.76	0.8
	06/07		6.71	0.7
	06/14		6.71	0.7
	06/21		6.63	0.5
	06/28		6.55	0.5
	07/05		6.57	0.5
	07/12		6.54	0.5
	07/19		6.49	0.6
	07/26		6.34	0.6
	08/02		6.43	0.6
	08/09		6.31	0.6
	08/16		6.22	0.6
	08/23		6.27	0.7
	08/30		6.22	0.7
	09/06		6.15	0.6
	09/13		6.18	0.6
	09/20		6.05	0.7
	09/27		5.99	0.6
	10/04		6.01	0.5
	10/11		5.98	0.6
	10/18		6.15	0.5
	10/25		6.31	0.6
	11/01		6.13	0.6
	11/08		6.11	0.6
	11/15		5.94	0.6
	11/22		6.03	0.6
	11/29		6.13	0.6
	12/06		6.19	0.5
	12/13		6.04	0.5
	12/20		6.03	0.6
	12/27		5.93	0.6
2003	01/03		5.85	0.6
	01/10		5.95	0.5
	01/17		5.97	0.6
	01/24		5.91	0.6
	01/31		5.90	0.6
	02/07		5.88	0.7
	02/14		5.86	0.6
	02/21		5.84	0.6
	02/28		5.79	0.6
	03/07		5.67	0.6
	03/14		5.61	0.6
	03/21		5.79	0.6
	03/28		5.91	0.6
	04/04		5.79	0.6
	04/11		5.85	0.6
	04/18		5.82	0.6
	04/25		5.79	0.6
	05/02		5.70	0.6
	05/09		5.62	0.7
	05/16		5.45	0.6
	05/23		5.34	0.7
	05/30		5.31	0.6
	06/06		5.26	0.5
	06/13		5.21	0.5
	06/20		5.21	0.6
	06/27		5.24	0.6
	07/04		5.40	0.5
	07/11		5.52	0.6
	07/18		5.67	0.5
	07/25		5.94	0.4
	08/01		6.14	0.5
	08/08		6.34	0.7
	08/15		6.24	0.7
	08/22		6.28	0.8
	08/29		6.32	0.7
	09/05		6.44	0.6
	09/12		6.16	0.6
	09/19		6.01	0.5
	09/26		5.98	0.6
	10/03		5.77	0.6
	10/10		5.95	0.6
	10/17		6.05	0.5
	10/24		6.05	0.7
	10/31		5.94	0.6
	11/07		5.98	0.7
	11/14		6.03	0.6
	11/21		5.83	0.6
	11/28		5.89	0.6
	12/05		6.02	0.6
	12/12		5.88	0.7
	12/19		5.82	0.7
	12/26		5.81	0.7
	12/31		5.85	0.7
2004	01/08		5.87	0.7
	01/15		5.66	0.6
	01/22		5.64	0.6
	01/29		5.68	0.7
	02/05		5.72	0.6
	02/12		5.66	0.7
	02/19		5.58	0.6
	02/26		5.58	0.7
	03/04		5.59	0.7
	03/11		5.41	0.6
	03/18		5.38	0.7
	03/25		5.40	0.7
	04/01		5.52	0.6
	04/08		5.79	0.7
	04/15		5.89	0.6
	04/22		5.94	0.7
	04/29		6.01	0.7
	05/06		6.12	0.7
	05/13		6.34	0.7
	05/20		6.30	0.7
	05/27		6.32	0.6
	06/03		6.28	0.7
	06/10		6.30	0.7
	06/17		6.32	0.5
	06/24		6.25	0.6
	07/01		6.21	0.6
	07/08		6.01	0.6
	07/15		6.00	0.6
	07/22		5.98	0.6
	07/29		6.08	0.6
	08/05		5.99	0.7
	08/12		5.85	0.6
	08/19		5.81	0.7
	08/26		5.82	0.7
	09/02		5.77	0.8
	09/09		5.83	0.8
	09/16		5.75	0.8
	09/23		5.70	0.7
	09/30		5.72	0.6
	10/07		5.82	0.6
	10/14		5.74	0.6
	10/21		5.69	0.7
	10/28		5.64	0.7
	11/04		5.70	0.6
	11/11		5.76	0.7
	11/18		5.74	0.6
	11/24		5.72	0.6
	12/02		5.81	0.6
	12/09		5.71	0.7
	12/16		5.68	0.6
	12/22		5.75	0.6
	12/29		5.81	0.6
2005	01/06		5.77	0.7
	01/13		5.74	0.6
	01/20		5.67	0.7
	01/27		5.66	0.6
	02/03		5.63	0.7
	02/10		5.57	0.8
	02/17		5.62	0.7
	02/24		5.69	0.7
	03/03		5.79	0.7
	03/10		5.85	0.6
	03/17		5.95	0.7
	03/24		6.01	0.7
	03/31		6.04	0.7
	04/07		5.93	0.7
	04/14		5.91	0.7
	04/21		5.80	0.5
	04/28		5.78	0.6
	05/05		5.75	0.6
	05/12		5.77	0.5
	05/19		5.71	0.7
	05/26		5.65	0.6
	06/02		5.62	0.6
	06/09		5.56	0.6
	06/16		5.63	0.5
	06/23		5.57	0.6
	06/30		5.53	0.6
	07/07		5.62	0.6
	07/14		5.66	0.6
	07/21		5.73	0.4
	07/28		5.77	0.5
	08/04		5.82	0.6
	08/11		5.89	0.5
	08/18		5.80	0.5
	08/25		5.77	0.5
	09/01		5.71	0.6
	09/08		5.71	0.6
	09/15		5.74	0.6
	09/22		5.80	0.6
	09/29		5.91	0.5
	10/06		5.98	0.5
	10/13		6.03	0.6
	10/20		6.10	0.5
	10/27		6.15	0.5
	11/03		6.31	0.5
	11/10		6.36	0.5
	11/17		6.37	0.6
	11/23		6.28	0.6
	12/01		6.26	0.5
	12/08		6.32	0.6
	12/15		6.30	0.5
	12/22		6.26	0.6
	12/29		6.22	0.5
2006	01/05		6.21	0.5
	01/12		6.15	0.6
	01/19		6.10	0.5
	01/26		6.12	0.5
	02/02		6.23	0.5
	02/09		6.24	0.6
	02/16		6.28	0.5
	02/23		6.26	0.6
	03/02		6.24	0.6
	03/09		6.37	0.6
	03/16		6.34	0.7
	03/23		6.32	0.6
	03/30		6.35	0.5
	04/06		6.43	0.6
	04/13		6.49	0.6
	04/20		6.53	0.6
	04/27		6.58	0.5
	05/04		6.59	0.6
	05/11		6.58	0.5
	05/18		6.60	0.5
	05/25		6.62	0.4
	06/01		6.67	0.4
	06/08		6.62	0.5
	06/15		6.63	0.5
	06/22		6.71	0.5
	06/29		6.78	0.5
	07/06		6.79	0.5
	07/13		6.74	0.6
	07/20		6.80	0.5
	07/27		6.72	0.3
	08/03		6.63	0.3
	08/10		6.55	0.4
	08/17		6.52	0.3
	08/24		6.48	0.4
	08/31		6.44	0.4
	09/07		6.47	0.4
	09/14		6.43	0.5
	09/21		6.40	0.5
	09/28		6.31	0.4
	10/05		6.30	0.3
	10/12		6.37	0.5
	10/19		6.36	0.5
	10/26		6.40	0.4
	11/02		6.31	0.4
	11/09		6.33	0.6
	11/16		6.24	0.5
	11/22		6.18	0.5
	11/30		6.14	0.4
	12/07		6.11	0.5
	12/14		6.12	0.4
	12/21		6.13	0.4
	12/28		6.18	0.4
2007	01/04		6.18	0.4
	01/11		6.21	0.4
	01/18		6.23	0.4
	01/25		6.25	0.4
	02/01		6.34	0.4
	02/08		6.28	0.3
	02/15		6.30	0.4
	02/22		6.22	0.5
	03/01		6.18	0.4
	03/08		6.14	0.5
	03/15		6.14	0.4
	03/22		6.16	0.4
	03/29		6.16	0.4
	04/05		6.17	0.4
	04/12		6.22	0.4
	04/19		6.17	0.5
	04/26		6.16	0.5
	05/03		6.16	0.5
	05/10		6.15	0.5
	05/17		6.21	0.4
	05/24		6.37	0.4
	05/31		6.42	0.4
	06/07		6.53	0.4
	06/14		6.74	0.4
	06/21		6.69	0.5
	06/28		6.67	0.4
	07/05		6.63	0.4
	07/12		6.73	0.4
	07/19		6.73	0.4
	07/26		6.69	0.4
	08/02		6.68	0.3
	08/09		6.59	0.4
	08/16		6.62	0.4
	08/23		6.52	0.4
	08/30		6.45	0.5
	09/06		6.46	0.5
	09/13		6.31	0.5
	09/20		6.34	0.5
	09/27		6.42	0.5
	10/04		6.37	0.5
	10/11		6.40	0.4
	10/18		6.40	0.5
	10/25		6.33	0.5
	11/01		6.26	0.4
	11/08		6.24	0.4
	11/15		6.24	0.4
	11/21		6.20	0.5
	11/29		6.10	0.5
	12/06		5.96	0.4
	12/13		6.11	0.5
	12/20		6.14	0.4
	12/27		6.17	0.5
2008	01/03		6.07	0.5
	01/10		5.87	0.4
	01/17		5.69	0.5
	01/24		5.48	0.4
	01/31		5.68	0.4
	02/07		5.67	0.4
	02/14		5.72	0.4
	02/21		6.04	0.6
	02/28		6.24	0.5
	03/06		6.03	0.5
	03/13		6.13	0.5
	03/20		5.87	0.5
	03/27		5.85	0.4
	04/03		5.88	0.5
	04/10		5.88	0.4
	04/17		5.88	0.4
	04/24		6.03	0.3
	05/01		6.06	0.5
	05/08		6.05	0.3
	05/15		6.01	0.6
	05/22		5.98	0.5
	05/29		6.08	0.6
	06/05		6.09	0.6
	06/12		6.32	0.7
	06/19		6.42	0.7
	06/26		6.45	0.6
	07/03		6.35	0.6
	07/10		6.37	0.6
	07/17		6.26	0.6
	07/24		6.63	0.6
	07/31		6.52	0.7
	08/07		6.52	0.7
	08/14		6.52	0.7
	08/21		6.47	0.7
	08/28		6.40	0.6
	09/04		6.35	0.7
	09/11		5.93	0.7
	09/18		5.78	0.6
	09/25		6.09	0.7
	10/02		6.10	0.6
	10/09		5.94	0.6
	10/16		6.46	0.6
	10/23		6.04	0.6
	10/30		6.46	0.7
	11/06		6.20	0.7
	11/13		6.14	0.7
	11/20		6.04	0.7
	11/26		5.97	0.7
	12/04		5.53	0.7
	12/11		5.47	0.7
	12/18		5.19	0.7
	12/24		5.14	0.8
	12/31		5.10	0.7
2009	01/08		5.01	0.6
	01/15		4.96	0.7
	01/22		5.12	0.7
	01/29		5.10	0.7
	02/05		5.25	0.8
	02/12		5.16	0.7
	02/19		5.04	0.7
	02/26		5.07	0.7
	03/05		5.15	0.7
	03/12		5.03	0.7
	03/19		4.98	0.7
	03/26		4.85	0.7
	04/02		4.78	0.7
	04/09		4.87	0.7
	04/16		4.82	0.6
	04/23		4.80	0.7
	04/30		4.78	0.7
	05/07		4.84	0.7
	05/14		4.86	0.6
	05/21		4.82	0.7
	05/28		4.91	0.7
	06/04		5.29	0.7
	06/11		5.59	0.7
	06/18		5.38	0.7
	06/25		5.42	0.7
	07/02		5.32	0.7
	07/09		5.20	0.7
	07/16		5.14	0.7
	07/23		5.20	0.7
	07/30		5.25	0.7
	08/06		5.22	0.6
	08/13		5.29	0.7
	08/20		5.12	0.7
	08/27		5.14	0.7
	09/03		5.08	0.7
	09/10		5.07	0.7
	09/17		5.04	0.7
	09/24		5.04	0.6
	10/01		4.94	0.7
	10/08		4.87	0.7
	10/15		4.92	0.7
	10/22		5.00	0.7
	10/29		5.03	0.7
	11/05		4.98	0.7
	11/12		4.91	0.7
	11/19		4.83	0.7
	11/25		4.78	0.7
	12/03		4.71	0.7
	12/10		4.81	0.7
	12/17		4.94	0.7
	12/24		5.05	0.7
	12/31		5.14	0.7
2010	01/07		5.09	0.7
	01/14		5.06	0.7
	01/21		4.99	0.7
	01/28		4.98	0.6
	02/04		5.01	0.7
	02/11		4.97	0.7
	02/18		4.93	0.7
	02/25		5.05	0.7
	03/04		4.97	0.7
	03/11		4.95	0.7
	03/18		4.96	0.7
	03/25		4.99	0.6
	04/01		5.08	0.7
	04/08		5.21	0.6
	04/15		5.07	0.6
	04/22		5.07	0.7
	04/29		5.06	0.7
	05/06		5.00	0.7
	05/13		4.93	0.7
	05/20		4.84	0.7
	05/27		4.78	0.7
	06/03		4.79	0.8
	06/10		4.72	0.7
	06/17		4.75	0.7
	06/24		4.69	0.7
	07/01		4.58	0.7
	07/08		4.57	0.7
	07/15		4.57	0.7
	07/22		4.56	0.7
	07/29		4.54	0.7
	08/05		4.49	0.7
	08/12		4.44	0.7
	08/19		4.42	0.7
	08/26		4.36	0.7
	09/02		4.32	0.7
	09/09		4.35	0.7
	09/16		4.37	0.7
	09/23		4.37	0.7
	09/30		4.32	0.8
	10/07		4.27	0.8
	10/14		4.19	0.8
	10/21		4.21	0.8
	10/28		4.23	0.8
	11/04		4.24	0.8
	11/11		4.17	0.8
	11/18		4.39	0.9
	11/24		4.40	0.8
	12/02		4.46	0.8
	12/09		4.61	0.7
	12/16		4.83	0.7
	12/23		4.81	0.7
	12/30		4.86	0.8
2011	01/06		4.77	0.8
	01/13		4.71	0.8
	01/20		4.74	0.8
	01/27		4.80	0.7
	02/03		4.81	0.8
	02/10		5.05	0.7
	02/17		5.00	0.7
	02/24		4.95	0.6
	03/03		4.87	0.7
	03/10		4.88	0.7
	03/17		4.76	0.7
	03/24		4.81	0.7
	03/31		4.86	0.7
	04/07		4.87	0.7
	04/14		4.91	0.6
	04/21		4.80	0.7
	04/28		4.78	0.7
	05/05		4.71	0.7
	05/12		4.63	0.7
	05/19		4.61	0.7
	05/26		4.60	0.7
	06/02		4.55	0.6
	06/09		4.49	0.7
	06/16		4.50	0.7
	06/23		4.50	0.8
	06/30		4.51	0.7
	07/07		4.60	0.7
	07/14		4.51	0.7
	07/21		4.52	0.7
	07/28		4.55	0.8
	08/04		4.39	0.8
	08/11		4.32	0.7
	08/18		4.15	0.7
	08/25		4.22	0.7
	09/01		4.22	0.7
	09/08		4.12	0.7
	09/15		4.09	0.7
	09/22		4.09	0.7
	09/29		4.01	0.7
	10/06		3.94	0.8
	10/13		4.12	0.8
	10/20		4.11	0.8
	10/27		4.10	0.8
	11/03		4.00	0.7
	11/10		3.99	0.7
	11/17		4.00	0.7
	11/23		3.98	0.7
	12/01		4.00	0.7
	12/08		3.99	0.7
	12/15		3.94	0.8
	12/22		3.91	0.7
	12/29		3.95	0.7
2012	01/05		3.91	0.8
	01/12		3.89	0.7
	01/19		3.88	0.8
	01/26		3.98	0.7
	02/02		3.87	0.8
	02/09		3.87	0.8
	02/16		3.87	0.8
	02/23		3.95	0.8
	03/01		3.90	0.8
	03/08		3.88	0.8
	03/15		3.92	0.8
	03/22		4.08	0.8
	03/29		3.99	0.7
	04/05		3.98	0.7
	04/12		3.88	0.7
	04/19		3.90	0.8
	04/26		3.88	0.7
	05/03		3.84	0.8
	05/10		3.83	0.7
	05/17		3.79	0.7
	05/24		3.78	0.8
	05/31		3.75	0.8
	06/07		3.67	0.7
	06/14		3.71	0.7
	06/21		3.66	0.7
	06/28		3.66	0.7
	07/05		3.62	0.8
	07/12		3.56	0.7
	07/19		3.53	0.7
	07/26		3.49	0.7
	08/02		3.55	0.7
	08/09		3.59	0.6
	08/16		3.62	0.6
	08/23		3.66	0.7
	08/30		3.59	0.6
	09/06		3.55	0.7
	09/13		3.55	0.6
	09/20		3.49	0.6
	09/27		3.40	0.6
	10/04		3.36	0.6
	10/11		3.39	0.7
	10/18		3.37	0.7
	10/25		3.41	0.7
	11/01		3.39	0.7
	11/08		3.40	0.7
	11/15		3.34	0.7
	11/21		3.31	0.7
	11/29		3.32	0.8
	12/06		3.34	0.7
	12/13		3.32	0.7
	12/20		3.37	0.7
	12/27		3.35	0.7
2013	01/03		3.34	0.7
	01/10		3.40	0.7
	01/17		3.38	0.7
	01/24		3.42	0.7
	01/31		3.53	0.7
	02/07		3.53	0.8
	02/14		3.53	0.8
	02/21		3.56	0.8
	02/28		3.51	0.8
	03/07		3.52	0.7
	03/14		3.63	0.8
	03/21		3.54	0.8
	03/28		3.57	0.8
	04/04		3.54	0.8
	04/11		3.43	0.8
	04/18		3.41	0.7
	04/25		3.40	0.8
	05/02		3.35	0.7
	05/09		3.42	0.7
	05/16		3.51	0.7
	05/23		3.59	0.7
	05/30		3.81	0.8
	06/06		3.91	0.7
	06/13		3.98	0.7
	06/20		3.93	0.8
	06/27		4.46	0.8
	07/03		4.29	0.7
	07/11		4.51	0.8
	07/18		4.37	0.7
	07/25		4.31	0.8
	08/01		4.39	0.7
	08/08		4.40	0.7
	08/15		4.40	0.7
	08/22		4.58	0.8
	08/29		4.51	0.7
	09/05		4.57	0.7
	09/12		4.57	0.8
	09/19		4.50	0.7
	09/26		4.32	0.7
	10/03		4.22	0.7
	10/10		4.23	0.7
	10/17		4.28	0.7
	10/24		4.13	0.8
	10/31		4.10	0.7
	11/07		4.16	0.8
	11/14		4.35	0.7
	11/21		4.22	0.7
	11/27		4.29	0.7
	12/05		4.46	0.5
	12/12		4.42	0.7
	12/19		4.47	0.7
	12/26		4.48	0.7
2014	01/02		4.53	0.8
	01/09		4.51	0.7
	01/16		4.41	0.7
	01/23		4.39	0.7
	01/30		4.32	0.7
	02/06		4.23	0.7
	02/13		4.28	0.7
	02/20		4.33	0.7
	02/27		4.37	0.7
	03/06		4.28	0.7
	03/13		4.37	0.6
	03/20		4.32	0.6
	03/27		4.40	0.6
	04/03		4.41	0.7
	04/10		4.34	0.7
	04/17		4.27	0.7
	04/24		4.33	0.6
	05/01		4.29	0.7
	05/08		4.21	0.6
	05/15		4.20	0.6
	05/22		4.14	0.6
	05/29		4.12	0.6
	06/05		4.14	0.5
	06/12		4.20	0.6
	06/19		4.17	0.6
	06/26		4.14	0.5
	07/03		4.12	0.5
	07/10		4.15	0.7
	07/17		4.13	0.6
	07/24		4.13	0.6
	07/31		4.12	0.6
	08/07		4.14	0.7
	08/14		4.12	0.6
	08/21		4.10	0.5
	08/28		4.10	0.5
	09/04		4.10	0.5
	09/11		4.12	0.5
	09/18		4.23	0.5
	09/25		4.20	0.5
	10/02		4.19	0.4
	10/09		4.12	0.5
	10/16		3.97	0.5
	10/23		3.92	0.5
	10/30		3.98	0.5
	11/06		4.02	0.5
	11/13		4.01	0.5
	11/20		3.99	0.5
	11/26		3.97	0.5
	12/04		3.89	0.5
	12/11		3.93	0.5
	12/18		3.80	0.6
	12/24		3.83	0.6
	12/31		3.87	0.6
2015	01/08		3.73	0.6
	01/15		3.66	0.6
	01/22		3.63	0.7
	01/29		3.66	0.6
	02/05		3.59	0.7
	02/12		3.69	0.6
	02/19		3.76	0.6
	02/26		3.80	0.6
	03/05		3.75	0.6
	03/12		3.86	0.6
	03/19		3.78	0.6
	03/26		3.69	0.6
	04/02		3.70	0.6
	04/09		3.66	0.6
	04/16		3.67	0.7
	04/23		3.65	0.6
	04/30		3.68	0.6
	05/07		3.80	0.6
	05/14		3.85	0.6
	05/21		3.84	0.7
	05/28		3.87	0.6
	06/04		3.87	0.6
	06/11		4.04	0.6
	06/18		4.00	0.7
	06/25		4.02	0.7
	07/02		4.08	0.6
	07/09		4.04	0.6
	07/16		4.09	0.6
	07/23		4.04	0.6
	07/30		3.98	0.6
	08/06		3.91	0.6
	08/13		3.94	0.6
	08/20		3.93	0.6
	08/27		3.84	0.6
	09/03		3.89	0.6
	09/10		3.90	0.6
	09/17		3.91	0.6
	09/24		3.86	0.7
	10/01		3.85	0.6
	10/08		3.76	0.6
	10/15		3.82	0.6
	10/22		3.79	0.6
	10/29		3.76	0.6
	11/05		3.87	0.6
	11/12		3.98	0.6
	11/19		3.97	0.6
	11/25		3.95	0.7
	12/03		3.93	0.6
	12/10		3.95	0.6
	12/17		3.97	0.6
	12/24		3.96	0.6
	12/31		4.01	0.6
